select codart,libcou,liblon from tac;
select deptcode,libelle_court ,libelle_long from  tdp;
select discco ,disclc ,discli  tdi;
select cartonum,phase , degre ,annee,acadco ,depaco,uaarne,discco,barrent,barrsor ,entrants,sortants,nbcdt,nbsaf  from carto;

INSERT INTO carto (cartonum,phase , degre ,annee,acadco ,uaarne,discco,barrent,barrsor ,entrants,sortants)
VALUES  (4,'INTER','2D',2019,'04','E0030','6720',21,1,538,20),
(5,'INTER','2D',2019,05,'E0030','6362',11,5,455,6),
(1,'INTER','2D',2019,01,'E0030','1712',28,7,445,21),
(2,'INTER','2D',2019,02,'E0030','6842',13,4,509,9),
(3,'INTER','2D',2019,03,'E0030','3212',11,2,438,9),
(7,'INTER','2D',2019,07,'E0030','3642',15,7,433,8),
(8,'INTER','2D',2019,08,'E0030','5432',18,4,474,14),
(9,'INTER','2D',2019,'09','E0030','140',47,13,423,34),
(10,'INTER','2D',2019,'10','E0030','4642',26,7,470,19),
(11,'INTER','2D',2019,'11','E0030','6502',18,1,519,17),
(12,'INTER','2D',2019,'12','E0030','141',24,7,427,17),
(13,'INTER','2D',2019,'13','E0030','7002',11,1,482,10),
(14,'INTER','2D',2019,'14','E0030','6962',19,1,536,18),
(15,'INTER','2D',2019,'15','E0030','1850',15,0,434,15),
(16,'INTER','2D',2019,'16','E0030','6043',22,3,511,19),
(17,'INTER','2D',2019,'17','E0030','6732',22,1,494,21),
(18,'INTER','2D',2019,'18','E0030','3540',39,15,436,24),
(19,'INTER','2D',2019,'19','E0030','140',24,16,421,8),
(20,'INTER','2D',2019,'20','E0030','140',29,11,421,18),
(21,'INTER','2D',2019,'21','E0030','3742',11,4,432,7),
(22,'INTER','2D',2019,'22','E0030','8362',2,1,451,1),
(23,'INTER','2D',2019,'23','E0030','8010',6,0,469,6),
(24,'INTER','2D',2019,'24','E0030','140',102,54,423,50),
(25,'INTER','2D',2019,'25','E0030','140',92,54,435,38),
(26,'INTER','2D',2019,'27','E0030','0',0,0,34,0),
(27,'INTER','2D',2019,'28','E0030','12380',10,1,51,9),
(28,'INTER','2D',2019,'31','E0030','18112',3,0,31,3),
(29,'INTER','2D',2019,'32','E0030','11650',3,1,28,2),
(30,'INTER','2D',2019,'33','E0030','1710',7,4,15,3),
(31,'INTER','2D',2019,'43','E0030','0',0,0,0,0),
(32,'INTER','2D',2019,'01','L0080','3220',12,5,250,7),
(33,'INTER','2D',2019,'02','L0080','1850',15,3,257,12),
(34,'INTER','2D',2019,'03','L0080','1140',8,3,237,5),
(35,'INTER','2D',2019,'04','L0080','4690',14,3,284,11),
(36,'INTER','2D',2019,'05','L0080','5042',5,0,260,5),
(37,'INTER','2D',2019,'06','L0080','2220',6,1,246,5),
(38,'INTER','2D',2019,'07','L0080','1642',8,3,239,5),
(39,'INTER','2D',2019,'08','L0080','2743',11,3,247,8),
(40,'INTER','2D',2019,'09','L0080','680',19,2,236,17),
(41,'INTER','2D',2019,'10','L0080','1743',18,4,250,14),
(42,'INTER','2D',2019,'11','L0080','3643',16,4,273,12)

insert into tac (codart,liblon) VALUES ('01' ,  'PARIS'),
('02' ,  'AIX-MARSEILLE'),
('03' ,  'BESANCON'),
('04' ,  'BORDEAUX'),
('05' ,  'CAEN'),
('06' ,  'CLERMONT-FERRAND'),
('07' ,  'DIJON'),
('08' ,  'GRENOBLE'),
('09' ,  'LILLE'),
('10' ,  'LYON'),
('11' ,  'MONTPELLIER'),
('12' ,  'NANCY-METZ'),
('13' ,  'POITIERS'),
('14' ,  'RENNES'),
('15' ,  'STRASBOURG'),
('16' ,  'TOULOUSE'),
('17' ,  'NANTES'),
('18' ,  'ORLEANS-TOURS'),
('19' ,  'REIMS'),
('20' ,  'AMIENS'),
('21' ,  'ROUEN'),
('22' ,  'LIMOGES'),
('23' ,  'NICE'),
('24' ,  'CRETEIL'),
('25' ,  'VERSAILLES'),
('27' ,  'CORSE'),
('28' ,  'REUNION'),
('31' ,  'MARTINIQUE'),
('32' ,  'GUADELOUPE'),
('33' ,  'GUYANE'),
('41' ,  'POLYNESIE FRANCAISE'),
('43' ,  'MAYOTTE')

insert into tdp (deptcode ,libelle_long) VALUES 
( '001' , 'AIN'),
( '002' , 'AISNE'),
( '003' , 'ALLIER'),
( '004' , 'ALPES-DE-HTE-PROVENCE'),
( '005' , 'HAUTES-ALPES'),
( '006' , 'ALPES-MARITIMES'),
( '007' , 'ARDECHE'),
( '008' , 'ARDENNES'),
( '009' , 'ARIEGE'),
( '010' , 'AUBE'),
( '011' , 'AUDE'),
( '012' , 'AVEYRON'),
( '013' , 'BOUCHES-DU-RHONE'),
( '014' , 'CALVADOS'),
( '015' , 'CANTAL'),
( '016' , 'CHARENTE'),
( '017' , 'CHARENTE-MARITIME'),
( '018' , 'CHER'),
( '019' , 'CORREZE'),
( '021' , 'COTE D OR'),
( '022' , 'COTES D ARMOR'),
( '023' , 'CREUSE'),
( '024' , 'DORDOGNE'),
( '025' , 'DOUBS'),
( '026' , 'DROME'),
( '027' , 'EURE'),
( '028' , 'EURE-ET-LOIR'),
( '029' , 'FINISTERE'),
( '030' , 'GARD'),
( '031' , 'HAUTE-GARONNE'),
( '032' , 'GERS'),
( '033' , 'GIRONDE'),
( '034' , 'HERAULT'),
( '035' , 'ILLE-ET-VILAINE'),
( '036' , 'INDRE'),
( '037' , 'INDRE-ET-LOIRE'),
( '038' , 'ISERE'),
( '039' , 'JURA'),
( '040' , 'LANDES'),
( '041' , 'LOIR-ET-CHER'),
( '042' , 'LOIRE'),
( '043' , 'HAUTE-LOIRE'),
( '044' , 'LOIRE-ATLANTIQUE'),
( '045' , 'LOIRET'),
( '046' , 'LOT'),
( '047' , 'LOT-ET-GARONNE'),
( '048' , 'LOZERE'),
( '049' , 'MAINE-ET-LOIRE'),
( '050' , 'MANCHE'),
( '051' , 'MARNE'),
( '052' , 'HAUTE-MARNE'),
( '053' , 'MAYENNE'),
( '054' , 'MEURTHE-ET-MOSELLE'),
( '055' , 'MEUSE'),
( '056' , 'MORBIHAN'),
( '057' , 'MOSELLE'),
( '058' , 'NIEVRE'),
( '059' , 'NORD'),
( '060' , 'OISE'),
( '061' , 'ORNE'),
( '062' , 'PAS-DE-CALAIS'),
( '063' , 'PUY-DE-DOME'),
( '064' , 'PYRENEES-ATLANTIQUES'),
( '065' , 'HAUTES-PYRENEES'),
( '066' , 'PYRENEES-ORIENTALES'),
( '067' , 'BAS-RHIN'),
( '068' , 'HAUT-RHIN'),
( '069' , 'RHONE'),
( '070' , 'HAUTE-SAONE'),
( '071' , 'SAONE-ET-LOIRE'),
( '072' , 'SARTHE'),
( '073' , 'SAVOIE'),
( '074' , 'HAUTE SAVOIE'),
( '075' , 'PARIS'),
( '076' , 'SEINE MARITIME'),
( '077' , 'SEINE-ET-MARNE'),
( '078' , 'YVELINES'),
( '079' , 'DEUX-SEVRES'),
( '080' , 'SOMME'),
( '081' , 'TARN'),
( '082' , 'TARN-ET-GARONNE'),
( '083' , 'VAR'),
( '084' , 'VAUCLUSE'),
( '085' , 'VENDEE'),
( '086' , 'VIENNE'),
( '087' , 'HAUTE-VIENNE'),
( '088' , 'VOSGES'),
( '089' , 'YONNE'),
( '090' , 'TERRITOIRE DE BELFORT'),
( '091' , 'ESSONNE'),
( '092' , 'HAUTS-DE-SEINE'),
( '093' , 'SEINE-SAINT-DENIS'),
( '094' , 'VAL-DE-MARNE'),
( '095' , 'VAL-D OISE'),
( '620' , 'CORSE-DU-SUD'),
( '720' , 'HAUTE-CORSE'),
( '971' , 'GUADELOUPE'),
( '972' , 'MARTINIQUE'),
( '973' , 'GUYANE'),
( '974' , 'LA REUNION'),
( '976' , 'MAYOTTE');

insert into tdi (discco ,discli) VALUES
('B0050' , 'LABORATOIRE (ATTACHE DE LABORATOIRE)'),
('C0080' , 'DOCUMENTATION (PEGC)'),
('C0210' , 'LETTRES HISTOIRE GEOGRAPHIE'),
('C0212' , 'FRANCAIS LATIN'),
('C0217' , 'LETTRES EDUCATION MUSICALE'),
('C0218' , 'LETTRES ARTS PLASTIQUES'),
('C0219' , 'LETTRES EDUCATION PHYSIQUE'),
('C0221' , 'LETTRES ALLEMAND'),
('C0222' , 'LETTRES ANGLAIS'),
('C0226' , 'LETTRES ESPAGNOL'),
('C0229' , 'LETTRES ITALIEN'),
('C0233' , 'LETTRES PORTUGAIS'),
('C0234' , 'LETTRES RUSSE'),
('C0440' , 'BASQUE-PEGC MONOVALENT'),
('C1315' , 'MATH.SCIENCES PHYSIQUES'),
('C1317' , 'MATH.EDUCATION MUSICALE'),
('C1318' , 'MATH.ARTS PLASTIQUES'),
('C1319' , 'MATH.EDUCATION PHYSIQUE'),
('C1400' , 'TECHNOLOGIE'),
('C1410' , 'EDUCATION MANUELLE ET TECHNIQUE'),
('C1411' , 'E.M.T. TECHNOLOGIE RENOVEE'),
('C1412' , 'E.M.T. TECHNOLOGIE ECONOMIE'),
('C1615' , 'SCIENCES NATURELLES PHYSIQUE TECHNOLOGIE'),
('C1619' , 'SCIENCES NATURELLES-EPS'),
('C1700' , 'MUSIQUE PEGC'),
('C1800' , 'ARTS PLASTIQUES PEGC'),
('C1900' , 'EDUCATION PHYSIQUE ET SPORTIVE PEGC'),
('E0030' , 'EDUCATION  (CE ,CPE)'),
('L0080' , 'DOCUMENTATION'),
('L0100' , 'PHILOSOPHIE'),
('L0201' , 'LETTRES CLASSIQUES'),
('L0202' , 'LETTRES MODERNES'),
('L0421' , 'ALLEMAND'),
('L0422' , 'ANGLAIS'),
('L0423' , 'ARABE'),
('L0424' , 'CHINOIS'),
('L0425' , 'DANOIS'),
('L0426' , 'ESPAGNOL'),
('L0427' , 'GREC'),
('L0428' , 'HEBREU'),
('L0429' , 'ITALIEN'),
('L0430' , 'JAPONAIS'),
('L0431' , 'NEERLANDAIS'),
('L0432' , 'POLONAIS'),
('L0433' , 'PORTUGAIS'),
('L0434' , 'RUSSE'),
('L0435' , 'VIETNAMIEN'),
('L0437' , 'LANGUE TURQUE'),
('L0438' , 'SUEDOIS'),
('L0440' , 'BASQUE'),
('L0441' , 'BRETON'),
('L0442' , 'CATALAN'),
('L0443' , 'LANGUE CORSE'),
('L0444' , 'OCCITAN - LANGUE D OC'),
('L0447' , 'NORVEGIEN'),
('L0449' , 'CREOLE'),
('L0450' , 'TAHITIEN'),
('L0510' , 'ENSEIGNEMENT RELIGIEUX CATHOLIQUE'),
('L0520' , 'ENSEIGNEMENT RELIGIEUX PROTESTANT'),
('L0600' , 'LANGUE DES SIGNES FRANCAISE'),
('L1000' , 'HISTOIRE GEOGRAPHIE'),
('L1100' , 'SCIENCES ECONOMIQUES ET SOCIALES'),
('L1300' , 'MATHEMATIQUES'),
('L1400' , 'TECHNOLOGIE'),
('L1411' , 'SII OPT INGENIERIE DES CONSTRUCTIONS'),
('L1412' , 'SII OPT INGENIERIE ELECTRIQUE'),
('L1413' , 'SII OPT INGENIERIE INFORMATIQUE'),
('L1414' , 'SII OPTION INGENIERIE MECANIQUE'),
('L1500' , 'SCIENCES PHYSIQUES ET CHIMIQUES'),
('L1510' , 'PHYSIQUE ET ELECTRICITE APPLIQUEE'),
('L1511' , 'MESURES PHYSIQUES ET CHIMIQUES'),
('L1512' , 'PROCEDES PHYSICO-CHIMIQUES'),
('L1600' , 'SCIENCES DE LA VIE ET DE LA TERRE'),
('L1700' , 'EDUCATION MUSICALE'),
('L1800' , 'ARTS PLASTIQUES'),
('L1900' , 'EDUCATION PHYSIQUE ET SPORTIVE'),
('L2001' , 'ASSISTANT INGENIEUR'),
('L6100' , 'INDUSTRIES GRAPHIQUES (IMPRIMERIE ET LIV'),
('L6115' , 'LABORATOIRES DES INDUSTRIES GRAPHIQUES'),
('L6500' , 'ENSEIGNEMENTS ARTISTIQUES ET ARTS APPLIQ'),
('L6510' , 'ARCHITECTURE INTERIEURE ET CADRE BATI'),
('L6515' , 'ESTHETIQUE INDUSTRIELLE - DESIGN'),
('L6520' , 'DESIGN DE COMMUNICATION'),
('L6610' , 'ARTS GRAPHIQUES'),
('L6620' , 'ARTS DU BOIS'),
('L6630' , 'ARTS DU METAL'),
('L6640' , 'ARTS TEXTILES'),
('L6650' , 'ARTS DU FEU (VERRE, CERAMIQUE)'),
('L6660' , 'ARTS DU DECOR ARCHITECTURAL'),
('L6670' , 'ARTS DU LIVRE'),
('L6680' , 'ARTS DE LA PHOTOGRAPHIE'),
('L6690' , 'ARTS DU SPECTACLE'),
('L6980' , 'CINEMA ET PHOTOGRAPHIE'),
('L7100' , 'BIOCHIMIE-GENIE BIOLOGIQUE'),
('L7110' , 'IMAGERIE MEDICALE'),
('L7120' , 'DIETETIQUE'),
('L7140' , 'HORTICULTURE'),
('L7150' , 'BIOTECHNOLOGIE CEREALIERE'),
('L7200' , 'BIOTECHNOLOGIES SANTE-ENVIRONNEMENT'),
('L7300' , 'SCIENCES ET TECHNIQUES MEDICO-SOCIALES'),
('L7320' , 'TECHNIQUES HOSPITALIERES'),
('L7330' , 'PUERICULTURE'),
('L7410' , 'ESTHETIQUE COSMETIQUE'),
('L8011' , 'ECO ET GEST.OPTION COMM, ORG, GRH'),
('L8012' , 'ECO-GEST.OPTION COMPTABILITE ET FINANCE'),
('L8013' , 'ECO-GEST.OPTION MARKETING'),
('L8031' , 'ECO-GEST.OPTION CONCEPT ET GEST DES SI'),
('L8040' , 'BUREAUTIQUE'),
('L8510' , 'HOTEL-REST OPTION PROD ET ING CULINAIRE'),
('L8511' , 'CUISINE'),
('L8512' , 'PATISSERIE'),
('L8520' , 'HOTEL-REST OPTION SERV ET ACCUEIL'),
('L8521' , 'MAITRE D HOTEL RESTAURANT'),
('L8530' , 'HOTELLERIE OPT TOURISME'),
('P0080' , 'DOCUMENTATION'),
('P0096' , 'PREVENTION ET SECURITE'),
('P0210' , 'LETTRES HISTOIRE GEOGRAPHIE'),
('P0221' , 'LETTRES ALLEMAND'),
('P0222' , 'LETTRES ANGLAIS'),
('P0223' , 'LETTRES ARABE'),
('P0226' , 'LETTRES ESPAGNOL'),
('P0229' , 'LETTRES ITALIEN'),
('P1315' , 'MATH.SCIENCES PHYSIQUES'),
('P1400' , 'TECHNOLOGIE'),
('P2001' , 'AIDE AU CHEF DE TRAVAUX'),
('P2100' , 'GENIE INDUSTRIEL BOIS'),
('P2111' , 'CHARPENTE NAVALE'),
('P2120' , 'EBENISTERIE'),
('P2121' , 'FABRICATION INDUSTRIELLE DU SIEGE'),
('P2122' , 'TOURNEUR SUR BOIS'),
('P2130' , 'EXPLOITATION FORESTIERE ET SCIERIE'),
('P2140' , 'AMEUBLEMENT'),
('P2200' , 'GENIE INDUSTRIEL TEXTILES ET CUIRS'),
('P2211' , 'MODE ET CHAPELLERIE'),
('P2220' , 'ENTRETIEN DES ARTICLES TEXTILES'),
('P2221' , 'MAINT.ARTISANALE DES ARTICLES TEXTILES'),
('P2222' , 'MAINT.INDUSTRIELLE DES ARTICLES TEXTILE'),
('P2230' , 'INDUSTRIE TEXTILE'),
('P2231' , 'TULLE'),
('P2232' , 'BRODERIE'),
('P2233' , 'OURDISSAGE'),
('P2235' , 'TAPISSERIE COUTURE DECOR'),
('P2240' , 'INDUSTRIE DU CUIR ET DE LA CHAUSSURE'),
('P2241' , 'MAROQUINERIE'),
('P2242' , 'SELLIER GARNISSEUR'),
('P2243' , 'CORDONNERIE'),
('P2244' , 'FOURRURE'),
('P2310' , 'CERAMIQUE INDUSTRIELLE'),
('P2320' , 'MIROITERIE'),
('P2321' , 'MONTAGE-MIROITERIE'),
('P2322' , 'TECHNI-VERRIERS'),
('P2330' , 'VERRERIE SCIENTIFIQUE'),
('P2340' , 'ENSEIGNES LUMINEUSES'),
('P2400' , 'GENIE INDUSTRIEL DES STRUCTURES METALLIQ'),
('P2450' , 'CONSTRUCTION ET REPARATION CARROSSERIE'),
('P2500' , 'GENIE INDUSTRIEL PLASTIQUES ET COMPOSITE'),
('P2600' , 'GENIE CHIMIQUE'),
('P2650' , 'METIER DE LEAU'),
('P3010' , 'GENIE CIVIL CONSTRUCTION ET ECONOMIE'),
('P3013' , 'DESSIN CALCUL TOPOGRAPHIQUE'),
('P3020' , 'GENIE CIVIL CONSTRUCTION ET REALISATION'),
('P3022' , 'PLATRERIE'),
('P3023' , 'COUVERTURE'),
('P3024' , 'TAILLEUR DE PIERRES'),
('P3025' , 'CARRELAGE MOSAIQUE'),
('P3026' , 'SOLIER MOQUETTISTE'),
('P3028' , 'PEINTURE-REVETEMENT'),
('P3100' , 'GENIE THERMIQUE'),
('P3120' , 'FROID ET CLIMATISATION'),
('P4100' , 'GENIE MECANIQUE CONSTRUCTION'),
('P4120' , 'OPTIQUE(LUNETTERIE,PRECISION,COMPOSANTS)'),
('P4200' , 'GENIE MECANIQUE PRODUCTIQUE'),
('P4210' , 'MICROTECHNIQUE'),
('P4221' , 'FORGE-ESTAMPAGE'),
('P4222' , 'FONDERIE'),
('P4223' , 'MODELAGE MECANIQUE'),
('P4224' , 'MOULAGE NOYAUTAGE'),
('P4226' , 'OUTILLAGE'),
('P4227' , 'DECOLLETAGE'),
('P4230' , 'TRAITEMENT THERMIQUE ET ELECTROPLASTIE'),
('P4245' , 'GENIE MECANIQUE INDUST PATES A PAPIER'),
('P4246' , 'INDUSTRIES PAPETIERES'),
('P4250' , 'APPAREILLAGE ORTHESE'),
('P4500' , 'GENIE MECANIQUE-MAINTENANCE VEHICULES'),
('P4512' , 'MECANIQUE AGRICOLE'),
('P4513' , 'CYCLES ET MOTOCYCLES'),
('P4530' , 'MAINTENANCE DES BATEAUX DE PLAISANCE'),
('P4540' , 'MAINTENANCE DES AERONEFS'),
('P4550' , 'G.MECA MAINTENANCE SYST MECA ET  AUTOMAT'),
('P4551' , 'MAINTENANCE DES METIERS DE BONNETERIE,TI'),
('P5100' , 'GENIE ELECTRIQUE: ELECTRONIQUE'),
('P5101' , 'ELECTRONIQUE'),
('P5110' , 'MAINTENANCE ELECTRONIQUE(MAVELEC)'),
('P5112' , 'AUDIOVISUEL'),
('P5120' , 'MAINTENANCE RESEAU BUREAUTIQUE ET TELEMA'),
('P5150' , 'MATH-SCIENCES OPTION ELECTRONIQUE'),
('P5200' , 'GENIE ELECTRIQUE OPTION ELECTROTECHNIQUE'),
('P5210' , 'EQUIPEMENT MENAGER ET COLLECTIVIT. MAEMC'),
('P6100' , 'INDUSTRIES GRAPHIQUES'),
('P6111' , 'COMPOSITION EN FORME IMPRIMANTE'),
('P6115' , 'LABORATOIRE DES INDUSTRIES GRAPHIQUES'),
('P6150' , 'IMPRESSION (LIVRE ET IMAGE)'),
('P6310' , 'CONDUCTEURS ROUTIERS'),
('P6320' , 'CONDUCTEURS D ENGINS: TRAVAUX PUBLICS'),
('P6330' , 'NAVIGATION'),
('P6331' , 'NAVIGATION FLUVIALE ET RHENANE'),
('P6500' , 'ENSEIGNEMENTS ARTISTIQUES ET ARTS APPLIQ'),
('P6911' , 'CARTONNAGE'),
('P6921' , 'VANNERIE ROTIN'),
('P6922' , 'CHAISERIE BROSSERIE'),
('P6940' , 'ARMURERIE'),
('P6941' , 'COUTELLERIE'),
('P6945' , 'JOUETS'),
('P6951' , 'STANDARD'),
('P6961' , 'ECLAIRAGISTE'),
('P6971' , 'FLEURISTE'),
('P6980' , 'CINEMA ET PHOTOGRAPHIE'),
('P7110' , 'IMAGERIE MEDICALE'),
('P7130' , 'BIOTECHNOLOGIES DE LA MER CONCHYLI OSTRE'),
('P7140' , 'HORTICULTURE'),
('P7200' , 'BIOTECHNOLOGIES SANTE-ENVIRONNEMENT(E F'),
('P7300' , 'SCIENCES ET TECHNIQUES MEDICO-SOCIALES'),
('P7410' , 'ESTHETIQUE COSMETIQUE'),
('P7420' , 'COIFFURE'),
('P7430' , 'PROTHESE ORTHESE'),
('P7431' , 'PROTHESE DENTAIRE'),
('P8013' , 'ECO-GEST OPTION COMMERCE ET VENTE'),
('P8038' , 'ECO-GEST OPTION TRANSPORT LOGISTIQUE'),
('P8039' , 'ECO-GEST OPTION GESTION-ADMINISTRATION'),
('P8510' , 'HOTELLERIE OPT TECHNIQUES CULINAIRES'),
('P8512' , 'PATISSERIE'),
('P8513' , 'BOULANGERIE'),
('P8515' , 'BOUCHERIE-CHARCUTERIE'),
('P8516' , 'BOUCHERIE'),
('P8517' , 'CHARCUTERIE'),
('P8518' , 'POISSONNERIE'),
('P8520' , 'HOTELLERIE OPT SERVICE ET COMMERCIALISAT'),
('Y0011' , 'EDU.DEV.APP'),
('Y0012' , 'EDU.DEV.CONS.ORI');
        